{
	"0" : [ 0.0, 2.951444946159875 ],
	"1" : [ 1.140759744061972, 4.0 ],
	"10" : [ 1.609001681616251, 0.923182559876422 ],
	"11" : [ 2.970498525731567, 2.130237600772166 ],
	"12" : [ 2.142090177005731, 1.392062551946426 ],
	"13" : [ 2.726898066518696, 0.168894756021268 ],
	"14" : [ 1.902153418345971, 3.396874609415088 ],
	"15" : [ 3.127770764984237, 1.046784517183338 ],
	"2" : [ 2.885127251900828, 3.10072813873214 ],
	"3" : [ 0.37596812625846, 1.076357131827963 ],
	"4" : [ 0.047859528117564, 1.936742854600008 ],
	"5" : [ 0.936572320273818, 3.039750583370725 ],
	"6" : [ 4.0, 1.550218724668988 ],
	"7" : [ 1.538720841914398, 0.0 ],
	"8" : [ 3.699601283323223, 0.41566939507661 ],
	"9" : [ 1.528905060113246, 2.182326199459378 ]
}
