{
	"0" : [ 3.360229331192901, 1.524449951267089 ],
	"1" : [ 0.749878686737902, 3.791032015597881 ],
	"10" : [ 3.984941964634185, 1.092604072535928 ],
	"11" : [ 0.22547739180552, 1.261575449549634 ],
	"12" : [ 1.750704192531814, 0.0 ],
	"13" : [ 0.686403130032393, 1.762813507599901 ],
	"14" : [ 1.802970749947432, 0.689204037121328 ],
	"15" : [ 1.226951216495705, 1.572005231122388 ],
	"16" : [ 2.818647087350542, 0.007306298495435 ],
	"17" : [ 1.829463473322021, 3.10280236565956 ],
	"18" : [ 3.453506301328322, 0.614747011328782 ],
	"19" : [ 2.096478932215499, 3.876858136433319 ],
	"2" : [ 2.394087249770468, 1.650818807062542 ],
	"20" : [ 2.969758309011062, 2.214035247282885 ],
	"3" : [ 0.597428828238332, 2.677999324487131 ],
	"4" : [ 2.707671031826547, 0.895057195259068 ],
	"5" : [ 0.0, 2.168810944620222 ],
	"6" : [ 4.0, 1.928961380521017 ],
	"7" : [ 1.44471553526291, 4.0 ],
	"8" : [ 3.532037009809371, 2.645975217352888 ],
	"9" : [ 1.229055821839394, 3.155620346907089 ]
}
